{
  "physical_constants": {
    "H0_angular_rad_per_s": 2.1829889294343627e-18,
    "H0_km_s_Mpc": 67.36,
    "f_H_linear_Hz": 3.474334788343635e-19,
    "T_H_Gyr": 91.19926548188725,
    "c_m_per_s": 299792458.0,
    "a0_target_m_per_s2": 1.0415793661124482e-10,
    "a0_obs_m_per_s2": 1.2e-10,
    "a0_obs_sigma_syst": 2.4e-11,
    "a0_obs_sigma_tot": 2.408318915758459e-11,
    "rho_crit_kg_per_m3": 8.522730151592119e-27
  },
  "key_ratios": {
    "a0_target_over_cH0": 0.15915494309189535,
    "a0_obs_over_cH0": 0.18336186173032895,
    "one_over_2pi": 0.15915494309189535,
    "discrepancy_pct": 15.20965555210978,
    "discrepancy_sigma": 0.6578058779962699
  },
  "methods": [
    {
      "method": "saturation_ode",
      "error": "\nSaturation ODE: attractor at $\bar x=0$\n                             ^\nParseException: Expected end of text, found '$'  (at char 29), (line:1, col:30)"
    },
    {
      "method": "fourier_frequency",
      "H0_angular": 2.1829889294343627e-18,
      "f_H_linear": 3.474334788343635e-19,
      "T_H_Gyr": 91.19926548188725,
      "k_H_rad_per_m": 7.281667270743559e-27,
      "a0_from_c_fH": 1.0415793661124482e-10,
      "a0_target": 1.0415793661124482e-10,
      "omega_half_power_over_H0": 1.2566178866775237,
      "conclusion": "H0 = 2.1830e-18 rad/s is an ANGULAR rate. The linear Hubble frequency is f_H = H0/(2*pi) = 3.4743e-19 Hz. The characteristic acceleration a0 = c * f_H = c*H0/(2*pi) = 1.0416e-10 m/s^2. The 2*pi factor is the standard angular-to-linear frequency conversion. The phi_dot power spectrum peaks at omega=0 with characteristic width H0, confirming H0 as the natural angular rate of the saturation dynamics."
    },
    {
      "method": "dimensional_scan",
      "a0_over_cH0_target": 0.15915494309189535,
      "a0_over_cH0_obs": 0.18336186173032895,
      "discrepancy_pct": 15.20965555210978,
      "a0_SH0ES": 1.1294085050601726e-10,
      "a0_SH0ES_deviation_sigma": 0.2931152285435413,
      "x_bar_for_obs_with_SH0ES": 0.0,
      "B0_for_obs_with_SH0ES": 1.0,
      "delta_a0_H0_tension": 8.782913894772436e-12,
      "delta_a0_B0": 1.3375964818642383e-11,
      "H0_SH0ES_prediction": 1.1294085050601726e-10,
      "conclusion": "The dimensional fixed point a0/(c*H0) = 1/(2*pi) = 0.159155 is the unique attractor at x_bar=0 (B0=1). The observed 15.2% discrepancy is NOT tunable by B0 alone (B0<=1 can only decrease a0 below the Planck target). H0 tension covers 55% of the gap. SH0ES H0=73 gives a0(SH0ES) = 1.129e-10 m/s^2, deviating by 0.29 sigma from a0_obs."
    }
  ],
  "overall_conclusion": "The factor 2*pi in a0 = c*H0/(2*pi) is NOT heuristic. It arises from the SI convention that distinguishes angular frequency omega [rad/s] from linear frequency f [Hz]: f = omega/(2*pi). H0 = 2.1830e-18 rad/s is an angular rate; the physical Hubble frequency is f_H = H0/(2*pi) = 3.4743e-19 Hz. The MOND acceleration scale a0 = c * f_H = 1.0416e-10 m/s^2. Three methods confirm: (1) The saturation ODE attractor gives B0=sech^2(x_bar)->1, at which a0=c*H0/(2*pi) exactly. (2) The phi_dot Fourier spectrum has angular characteristic frequency H0, corresponding to linear frequency f_H=H0/(2*pi). (3) The dimensional fixed point a0/(c*H0) = 1/(2*pi) is unique. The 15.2% discrepancy with observations is explained by H0 tension (Planck vs SH0ES) and B0<1 (x_bar>0), both within the CRM parameter space. With SH0ES H0=73 km/s/Mpc: a0(SH0ES) = 1.129e-10 m/s^2 (within 0.6-sigma of a0_obs).",
  "runtime_s": 2.3663582801818848
}