{
  "n_galaxies": 171,
  "a0_CFM": 1.0415793661124482e-10,
  "a0_obs": 1.2e-10,
  "a0_best_global": 8.802588777092568e-11,
  "run_A": {
    "chi2": 14812.218154197579,
    "ndf": 3033,
    "chi2_red": 4.883685510780606,
    "a0_median": 7.329427760866301e-11
  },
  "run_B": {
    "chi2": 30965.123419621486,
    "ndf": 3204,
    "chi2_red": 9.664520418109078
  },
  "run_C": {
    "chi2": 29781.78472223618,
    "ndf": 3204,
    "chi2_red": 9.295188739774089,
    "a0_best": 8.802588777092568e-11
  },
  "delta_chi2_BA": 16152.905265423908,
  "delta_chi2_BC": 1183.3386973853048
}